{"cameraMode":{"drawMode":0,"name":"Shaded","section":"Shading Mode"},"sceneLighting":false,"audioPlay":false,"sceneViewState":{"showFog":true,"showMaterialUpdate":false,"showSkybox":false,"showFlares":true,"showImageEffects":true,"showParticleSystems":true},"in2DMode":false,"pivot":{"x":-10.319999694824219,"y":1.1500000953674317,"z":-9.220000267028809},"rotation":{"x":0.37933972477912905,"y":-0.07705472409725189,"z":0.03402501344680786,"w":0.9215087294578552},"size":4.184721946716309,"orthographic":false}